TransactionDate,Daily_Amount,Daily_Count,Avg_Amount,Fraud_Count,Fraud_Rate,Day
2024-01-01,76030241.85,6296,12075.95963310038,3168,0.5031766200762389,2024-01-01
2024-01-02,77204670.19,6329,12198.557464054353,3217,0.5082951493126876,2024-01-02
2024-01-03,74409404.46,6221,11961.003771097894,3049,0.4901141295611638,2024-01-03
2024-01-04,78845245.68,6504,12122.577749077493,3171,0.4875461254612546,2024-01-04
2024-01-05,74176821.74,6270,11830.434089314194,3139,0.5006379585326953,2024-01-05
2024-01-06,77143719.41,6388,12076.349312773951,3221,0.5042266750156543,2024-01-06
2024-01-07,76100903.03,6368,11950.518691896985,3178,0.49905778894472363,2024-01-07
2024-01-08,75903152.92,6235,12173.721398556536,3064,0.49141940657578187,2024-01-08
2024-01-09,74074813.65,6251,11850.07417213246,3078,0.49240121580547114,2024-01-09
2024-01-10,75792638.3,6323,11986.816115767831,3130,0.49501818756919186,2024-01-10
2024-01-11,77544117.08,6428,12063.49052271313,3195,0.49704418170504044,2024-01-11
2024-01-12,75001945.85,6222,12054.314665702346,3055,0.4909996785599486,2024-01-12
2024-01-13,76328285.15,6321,12075.349651953806,3119,0.4934345831355798,2024-01-13
2024-01-14,76304367.36,6309,12094.526447931526,3108,0.4926295767950547,2024-01-14
2024-01-15,75894014.8,6316,12016.151804939835,3149,0.49857504749841675,2024-01-15
2024-01-16,76070190.49,6367,11947.571931836028,3115,0.489241400973771,2024-01-16
2024-01-17,76312024.28,6394,11934.942802627464,3229,0.5050046918986549,2024-01-17
2024-01-18,77330629.63,6386,12109.400192608831,3200,0.5010961478233636,2024-01-18
2024-01-19,77323823.42,6388,12104.543428303068,3140,0.4915466499686913,2024-01-19
2024-01-20,75402570.58,6307,11955.378243221816,3199,0.5072142064372919,2024-01-20
2024-01-21,79153862.3,6502,12173.771501076591,3221,0.4953860350661335,2024-01-21
2024-01-22,73605359.49,6105,12056.56994103194,3120,0.5110565110565111,2024-01-22
2024-01-23,73933779.05,6104,12112.349123525557,3062,0.5016382699868939,2024-01-23
2024-01-24,73586876.99,6172,11922.69555897602,3115,0.5046986390149061,2024-01-24
2024-01-25,75133891.3,6273,11977.345974812688,3116,0.49673202614379086,2024-01-25
2024-01-26,75452601.26,6311,11955.728293455872,3174,0.5029313896371415,2024-01-26
2024-01-27,76778546.46,6339,12112.09125414103,3198,0.5044959772834832,2024-01-27
2024-01-28,75508998.97,6289,12006.519155668628,3210,0.5104150103355064,2024-01-28
2024-01-29,75921575.37,6293,12064.448652471001,3142,0.49928491975210554,2024-01-29
2024-01-30,75821308.82,6310,12016.055280507131,3186,0.5049128367670365,2024-01-30
2024-01-31,75527611.46,6229,12125.158365708781,3066,0.4922138384973511,2024-01-31
2024-02-01,74319559.29,6201,11985.092612481858,3132,0.5050798258345428,2024-02-01
2024-02-02,76774227.08,6326,12136.298937717356,3169,0.5009484666455897,2024-02-02
2024-02-03,77311222.59,6321,12230.853122923589,3139,0.4965986394557823,2024-02-03
2024-02-04,75723434.66,6258,12100.2612112496,3106,0.49632470437839565,2024-02-04
2024-02-05,75865812.88,6277,12086.317170622908,3106,0.4948223673729489,2024-02-05
2024-02-06,76749465.96,6396,11999.603808630392,3189,0.49859287054409007,2024-02-06
2024-02-07,75185660.43,6244,12041.265283472134,3170,0.5076873798846893,2024-02-07
2024-02-08,77836178.78,6479,12013.609936718629,3206,0.4948294489890415,2024-02-08
2024-02-09,76459047.08,6372,11999.222705586943,3160,0.49591964846202136,2024-02-09
2024-02-10,77211631.66,6456,11959.670331474597,3301,0.5113073110285006,2024-02-10
2024-02-11,77493120.02,6421,12068.699582619529,3294,0.5130042049524997,2024-02-11
2024-02-12,75785146.11,6309,12012.227945791727,3126,0.4954826438421303,2024-02-12
2024-02-13,76924680.73,6355,12104.59177498033,3244,0.5104642014162077,2024-02-13
2024-02-14,75223112.44,6265,12006.881474860334,3138,0.500877893056664,2024-02-14
2024-02-15,75624723.82,6273,12055.59123545353,3053,0.4866889845369042,2024-02-15
2024-02-16,75573734.1,6262,12068.62569466624,3173,0.5067071223251357,2024-02-16
2024-02-17,76648174.32,6271,12222.639821400095,3087,0.49226598628607876,2024-02-17
2024-02-18,78950811.43,6433,12272.782749883414,3230,0.5020985543292399,2024-02-18
2024-02-19,74786299.51,6213,12037.067360373412,3195,0.5142443264123612,2024-02-19
2024-02-20,74912603.83,6185,12111.9812174616,3164,0.5115602263540825,2024-02-20
2024-02-21,74602641.08,6285,11869.950848050914,3095,0.492442322991249,2024-02-21
2024-02-22,75192478.76,6267,11998.161602042446,3152,0.5029519706398596,2024-02-22
2024-02-23,78247274.96,6545,11955.275012987013,3232,0.4938120702826585,2024-02-23
2024-02-24,74752026.45,6256,11948.853332800512,3160,0.5051150895140665,2024-02-24
2024-02-25,75664884.2,6263,12081.252466868913,3134,0.5003991697269679,2024-02-25
2024-02-26,75346709.01,6246,12063.19388568684,3191,0.510886967659302,2024-02-26
2024-02-27,75596440.97,6311,11978.520198066868,3091,0.48977974964347964,2024-02-27
2024-02-28,76819526.44,6325,12145.3796743083,3154,0.4986561264822134,2024-02-28
2024-02-29,77037664.7,6426,11988.432103952693,3142,0.48895113600995954,2024-02-29
2024-03-01,79360211.77,6512,12186.76470669533,3230,0.496007371007371,2024-03-01
2024-03-02,76297974.09,6292,12126.187871900827,3146,0.5,2024-03-02
2024-03-03,75833161.39,6363,11917.831430143015,3155,0.49583529781549585,2024-03-03
2024-03-04,77561195.9,6426,12069.90287892935,3263,0.5077808901338313,2024-03-04
2024-03-05,76453753.28,6292,12150.946166560712,3172,0.5041322314049587,2024-03-05
2024-03-06,74724681.95,6197,12058.202670647088,3047,0.49168952719057607,2024-03-06
2024-03-07,74269364.68,6220,11940.412327974278,3068,0.4932475884244373,2024-03-07
2024-03-08,76196046.94,6311,12073.52985897639,3129,0.49580098241166215,2024-03-08
2024-03-09,76727052.55,6399,11990.475472730113,3229,0.5046100953273949,2024-03-09
2024-03-10,75508203.11,6298,11989.235171483011,3202,0.5084153699587171,2024-03-10
2024-03-11,75485597.82,6287,12006.616481628756,3158,0.5023063464291395,2024-03-11
2024-03-12,75670943.03,6362,11894.206700723043,3178,0.4995284501729016,2024-03-12
2024-03-13,77746271.57,6476,12005.292089252624,3233,0.49922791846819026,2024-03-13
2024-03-14,76097125.45,6299,12080.826393078267,3117,0.4948404508652167,2024-03-14
2024-03-15,74502712.68,6254,11912.809830508475,3112,0.49760153501758875,2024-03-15
2024-03-16,74856509.73,6263,11952.181020277823,3182,0.5080632284847517,2024-03-16
2024-03-17,76861229.21,6453,11910.9296776693,3212,0.49775298310863164,2024-03-17
2024-03-18,76203609.94,6352,11996.789977959697,3191,0.5023614609571788,2024-03-18
2024-03-19,75744019.79,6263,12093.88787961041,3180,0.5077438927031774,2024-03-19
2024-03-20,77322874.94,6352,12172.996684508817,3229,0.5083438287153652,2024-03-20
2024-03-21,78050835.16,6454,12093.404889990703,3241,0.5021691973969631,2024-03-21
2024-03-22,75910978.77,6301,12047.449415965719,3179,0.5045230915727662,2024-03-22
2024-03-23,74698314.15,6144,12157.928735351563,3117,0.50732421875,2024-03-23
2024-03-24,75033087.34,6151,12198.518507559747,3051,0.4960169078198667,2024-03-24
2024-03-25,76680283.4,6363,12050.96391639164,3226,0.506993556498507,2024-03-25
2024-03-26,76279339.86,6390,11937.298882629108,3221,0.5040688575899843,2024-03-26
2024-03-27,75359944.4,6295,11971.397045274029,3165,0.5027799841143765,2024-03-27
2024-03-28,76166921.53,6286,12116.914020044544,3122,0.49665924276169265,2024-03-28
2024-03-29,76959543.07,6400,12024.928604687499,3200,0.5,2024-03-29
2024-03-30,76589253.68,6382,12000.823202757758,3093,0.4846443121278596,2024-03-30
2024-03-31,31043.940000000002,2,15521.970000000001,0,0.0,2024-03-31
