id,V1,V2,V3,V4,V5,V6,V7,V8,V9,V10,V11,V12,V13,V14,V15,V16,V17,V18,V19,V20,V21,V22,V23,V24,V25,V26,V27,V28,Amount,Class,TransactionDate,Hour,DayOfWeek,DayOfMonth,Month,WeekOfYear,CustomerID,Cluster,Cluster_Name,RFM_Segment,RFM_Score,ZScore,ZScore_Anomaly_2.5,ZScore_Anomaly_3,ZScore_Anomaly_3.5,ZScore_Anomaly_4,ZScore_Anomaly,Isolation_Anomaly_0.001,Isolation_Score_0.001,Isolation_Anomaly_0.002,Isolation_Score_0.002,Isolation_Anomaly_0.005,Isolation_Score_0.005,Isolation_Anomaly_0.01,Isolation_Score_0.01,Isolation_Anomaly_0.02,Isolation_Score_0.02,Isolation_Anomaly,Isolation_Score,ZScore_Normalized,Isolation_Score_Normalized,Combined_Score,Combined_Anomaly_0.1,Combined_Anomaly_0.2,Combined_Anomaly_0.3,Combined_Anomaly_0.4,Combined_Anomaly_0.5,Combined_Anomaly_0.6,Combined_Anomaly_0.7,Combined_Anomaly_0.8,Final_Anomaly,Risk_Score,Risk_Level
8610,-2.51387217129886,-20.936273803535684,2.1864732406286813,2.08919308690882,41.540257041410015,-18.64259847523372,-3.0387278420456165,-0.3214379100530373,8.18339182974408,5.929236734552453,0.015661617045498,0.9173803829675756,2.901825283599435,1.1832157792797249,3.822913420864925,0.4334215690671105,0.9810754223563096,-0.5878675202150203,3.143019747819456,-16.188453231624884,-2.233393118558169,-1.4127900601399324,-9.27741513786252,5.377506586692283,-3.745031169137818,3.2580783754532034,17.987212099551613,-8.758956034336984,16802.28,0,2024-03-05 20:08:00,20,1,5,3,10,114345,2,Standard Customers (High Tier),Potential,9,20.936273803535684,True,True,True,True,True,True,0.037397767568226215,True,0.05531383683427704,True,0.0899549184171986,True,0.099372847954316,True,0.13070091377824355,True,0.13070091377824355,0.09485152149546801,0.9603732444569643,0.6141645552723658,True,True,True,True,True,True,False,False,True,0.6152088907883863,High
12851,-2.021307394992114,-15.016940072229898,2.369441249143853,1.2919687105561102,26.27470840510497,-12.015046349030706,-2.157477768855321,0.3740234753031676,2.647482712932007,1.6791817853092827,0.4690300508741308,0.7676874565553911,2.7162011511442463,3.36998826891063,1.3259528518325292,-0.12915929032794,1.0102257688658751,0.558439870189311,0.104025168474431,5.8454639759220415,0.682561675916421,-0.9110861420527308,5.7709662672282125,-0.5917921370830341,0.4942940857744698,2.007120058830961,-1.2211710183913354,0.8897501646163339,19852.0,0,2024-02-12 21:10:00,21,0,12,2,7,141798,5,New Customers (Mid Tier),Loyal,12,15.016940072229898,True,True,True,True,True,True,0.017688483451581805,True,0.03560455271763263,True,0.0702456343005542,True,0.07966356383767159,True,0.11099162966159914,True,0.11099162966159914,0.0676454488781977,0.9043698911813588,0.5696801142600944,True,True,True,True,True,False,False,False,True,0.6058237399173041,High
39769,-3.495583516386668,-49.96657153869079,-0.8604758393640916,3.1396565714814213,42.716890639914205,-21.11110792759147,-2.386712041039331,-0.469005502470069,7.502572165578162,9.352984258832755,0.627759307113424,2.475554328474037,3.826358289747248,-0.1450261638781116,8.740692645844153,5.269673079316163,-0.0381465540636152,0.4597831891366159,1.9358212688140592,-15.547907694700047,-3.0418168988914864,-1.1293649352343675,9.83334241019008,1.6696459034480904,10.117761074399567,0.3785347718798731,-5.444554553207013,77.25593674214326,22351.02,0,2024-02-24 18:50:00,18,5,24,2,8,127856,4,New Customers (Low Tier),Needs Attention,7,49.96657153869079,True,True,True,True,True,True,0.03345952272933028,True,0.05137559199538111,True,0.08601667357830267,True,0.09543460311542007,True,0.12676266893934762,True,0.12676266893934762,0.22827876586700308,0.9491828371497674,0.6608212086366616,True,True,True,True,True,True,False,False,True,0.7020520086103551,High
50287,-2.737354382168408,-24.641313572603384,-0.0060589844871398,2.141365548494163,32.92194739321388,-15.459584812671002,-2.355841006655844,-0.5660864721802136,5.117988367346384,4.184970810652586,0.2887917680640811,4.834754445381292,1.857146578616552,0.6428762063471356,4.043705817043132,4.516664266805114,-0.0319489117048658,-0.38073360267329,0.6769967750373865,-20.264268849300805,-2.5542826038288493,-1.47083895174041,-9.882245644111457,4.99398807169001,-1.874674737269377,0.3627871097381527,24.906659579469608,-10.305129348933155,21810.88,0,2024-03-09 01:44:00,1,5,9,3,10,135961,0,Premium Customers (High Tier),Champions,14,24.641313572603384,True,True,True,True,True,True,0.03737430531613095,True,0.05529037458218178,True,0.08993145616510334,True,0.09934938570222074,True,0.1306774515261483,True,0.1306774515261483,0.1118803942677579,0.9603065771551508,0.6209361040001936,True,True,True,True,True,True,False,False,True,0.6630547466147316,High
52805,-2.0394994325736384,-14.739596561930494,1.86729031167012,1.0839629823832746,26.702921364256444,-11.97153034226134,-2.099889738128501,0.4268018951712131,1.8880784284651888,1.2930427964542155,-2.643611628205976,1.4555133527278128,-0.3245077862494214,1.6845422681571238,0.8113582754608523,0.2033812664380101,0.4290005994267882,0.5356469708103356,-0.4702756158005808,5.542741297087452,0.6339532410633201,-1.534914454113193,5.043089882773216,-2.22703641833403,3.2516397180293413,1.1615330218946345,-1.1654490783579976,1.1666485351692728,23478.52,0,2024-03-10 06:03:00,6,6,10,3,10,122065,1,Standard Customers (Mid Tier),At Risk,5,14.739596561930494,True,True,True,True,True,True,0.005119642875495822,True,0.02303571214154665,True,0.05767679372446821,True,0.06709472326158561,True,0.09842278908551316,True,0.09842278908551316,0.06637073992890692,0.8686558989895841,0.5477418353653132,True,True,True,True,True,False,False,False,True,0.6194351447291594,High
65423,-1.8244811522184112,2.600789184357039,-1.0046920268862685,-0.4034959580259751,-1.4474228629074386,7.54039294735817,-3.4705119861374807,-10.75634230545734,-1.916316731726457,-2.1112067715379657,-3.53206185064045,17.913556111364983,-5.955226700040189,19.169544406102982,-3.569638745981077,8.322451122752712,1.9566740437781944,1.6932680802041131,-4.507603069038601,13.650324693652836,-19.382523087206284,12.63251122579015,4.970136010210761,-2.232241491110276,-1.2244891121345391,0.3132288825331747,-0.6559407349306029,2.1607067839010035,18453.71,0,2024-01-14 11:53:00,11,6,14,1,2,123291,2,Standard Customers (High Tier),Potential,10,19.169544406102986,True,True,True,True,True,True,0.037044739598122045,True,0.05496080886417287,True,0.08960189044709443,True,0.09901981998421183,True,0.13034788580813939,True,0.13034788580813939,0.08673138999698311,0.9593701258247043,0.6103146314936159,True,True,True,True,True,True,False,False,True,0.6258633932354771,High
108424,-2.752536176428844,-23.64915773806419,-0.8453080976370864,2.498661474500436,11.115380219968738,-6.583221052217197,-1.3808746868660768,-0.9762975202490932,6.156944544989613,2.2769544355570748,-1.2332782006461422,4.175239398091302,2.8365004572141284,0.3082434343931692,4.020527225804365,4.242508885050174,0.4376239945339427,-0.5316595189016464,2.105487812659112,-20.312728558056705,-1.969332072921885,-2.918109489098071,-16.62497910432338,5.033105744623512,-5.312678438997886,-0.0241323972005973,20.81567806364541,-14.87251147859303,23293.58,0,2024-01-01 17:38:00,17,0,1,1,1,113715,2,Standard Customers (High Tier),Potential,10,23.64915773806419,True,True,True,True,True,True,0.04027282913205976,True,0.05818889839811059,True,0.09282997998103215,True,0.10224790951814955,True,0.1335759753420771,True,0.1335759753420771,0.10732030948332266,0.9685426476425681,0.62405371237887,True,True,True,True,True,True,False,False,True,0.6777518726067899,High
138215,-1.5252877077863864,1.8629573976165223,-0.6444995476546226,-0.4882610576753279,-0.81040505738266,5.470645316467891,-2.62671011233348,-7.869677462591528,-1.8616985096918883,-1.2960710020996158,-3.8172131586649134,6.86826266202379,-3.062371071905457,11.253236240328048,0.020343529474791,2.0197356135501856,1.532082848018016,2.912301426124244,-3.592999379997021,9.242003725828106,-12.093765906675122,8.285837955808997,3.817192434960816,-2.595724800140021,-1.5383580243554993,-0.6704892839116082,-0.6048941518327635,0.9652028586628544,22352.03,0,2024-02-27 16:31:00,16,1,27,2,9,127290,1,Standard Customers (Mid Tier),Needs Attention,7,11.25323624032805,True,True,True,True,True,True,0.02958515070462986,True,0.047501219970680686,True,0.08214230155360225,True,0.09156023109071965,True,0.1228882969146472,True,0.1228882969146472,0.05034694799809408,0.9381739225724396,0.5830431327427014,True,True,True,True,True,False,False,False,True,0.6364995767464784,High
151296,-2.7967785295597887,-40.19496492929275,-2.0248607126128846,3.201535546069201,-2.9832057937771097,3.47249634010283,23.884874525874924,-1.1170685852321067,0.6122461652946575,-1.3361541414226188,-0.6587435167737854,-0.2439206404934514,3.8329468335527888,8.563009130190336,3.4248235385151764,3.830997212931477,0.6351616626910878,6.210963503290548,-7.486279921801464,28.973252100368647,3.66165513401427,-6.838888279914088,-12.620152885976369,1.6152979128459914,-9.719067403321828,-8.226969338778424,-3.000339449398492,7.613798991523393,20723.74,0,2024-01-23 12:06:00,12,1,23,1,4,118277,5,New Customers (Mid Tier),Loyal,11,40.19496492929275,True,True,True,True,True,True,0.025301777611905996,True,0.04321784687795682,True,0.07785892846087838,True,0.08727685799799578,True,0.11860492382192334,True,0.11860492382192334,0.18336711684193,0.9260028434452958,0.6289485528039496,True,True,True,True,True,True,False,False,True,0.6624453988613721,High
172749,-2.097411532201246,0.6014664553276083,-1.4055115319508824,-1.5144573045818,-2.2930223081917545,0.0477314201163287,-0.9289704821132372,2.775710804709356,-0.0657680652215759,1.604528190335376,-4.955669880481854,4.536622408174185,2.8548102748123307,7.410556120065394,0.5779270300049869,5.536173045131422,2.2928456985324432,1.4706607687517148,-2.474142691203152,-0.4580936871711271,-0.1031415071454958,-1.0597515517146934,-2.813764511432104,0.289188015319829,2.2128208488999794,-0.2592336843741962,-0.4311311758463526,-1.1544845591585593,22353.55,0,2024-03-10 21:57:00,21,6,10,3,10,107961,0,Premium Customers (High Tier),Champions,14,7.4105561200653955,True,True,True,True,True,True,0.006758673063014586,True,0.024674742329065413,True,0.059315823911986976,True,0.06873375344910437,True,0.10006181927303193,True,0.10006181927303193,0.03268546122570617,0.8733131552388599,0.5370620776335984,True,True,True,True,True,False,False,False,True,0.6006714906605459,High
182021,-2.097411532201246,0.6014664553276083,-1.4055115319508824,-1.5144573045818,-2.2930223081917545,0.0477314201163287,-0.9289704821132372,2.775710804709356,-0.0657680652215759,1.604528190335376,-4.955669880481854,4.536622408174185,2.8548102748123307,7.410556120065394,0.5779270300049869,5.536173045131422,2.2928456985324432,1.4706607687517148,-2.474142691203152,-0.4580936871711271,-0.1031415071454958,-1.0597515517146934,-2.813764511432104,0.289188015319829,2.2128208488999794,-0.2592336843741962,-0.4311311758463526,-1.1544845591585593,23922.25,0,2024-02-24 13:41:00,13,5,24,2,8,101957,2,Standard Customers (High Tier),Potential,10,7.4105561200653955,True,True,True,True,True,True,0.006758673063014586,True,0.024674742329065413,True,0.059315823911986976,True,0.06873375344910437,True,0.10006181927303193,True,0.10006181927303193,0.03268546122570617,0.8733131552388599,0.5370620776335984,True,True,True,True,True,False,False,False,True,0.6128371082266157,High
206255,-2.996041457433092,-23.644881735058974,-2.021203161232257,2.101346644938858,-2.6387711826875164,4.498949810895272,17.720771871054804,-1.337758004386269,6.44687081270666,2.414759115661321,0.6820075602779129,1.8215905963364507,4.043836760458736,0.0154367751147576,7.582935903000525,9.454842941470346,-0.0299215039064921,-1.028828354104904,-0.1381526429601688,-20.10651005816053,-3.5666051934530425,-3.061249779771429,-14.967025853892991,3.680397475499301,-6.047891790044846,-2.2303376113928777,0.2220633573042684,-2.976353642639672,20238.02,0,2024-02-26 01:18:00,1,0,26,2,9,144530,0,Premium Customers (High Tier),Champions,13,23.644881735058974,True,True,True,True,True,True,0.021342357785110178,True,0.039258427051161005,True,0.07389950863408257,True,0.08331743817119996,True,0.11464550399512752,True,0.11464550399512752,0.10730065638492473,0.9147522680304727,0.5917716233722534,True,True,True,True,True,False,False,False,True,0.6273260867388765,High
216065,-1.5710802112375517,-9.905958361200002,-1.2834880140758702,0.9121547711684556,-2.7630168712158154,5.393246262089518,25.955521658925537,-0.7116200764772939,-1.0814702383813333,-0.8835621625596692,-2.482439951307875,-0.4798665029739474,-0.1677832329244243,1.966238440608245,0.812065812805524,0.7478373993037596,0.2089176681920601,3.626215100368182,-0.7549322273635228,12.529317678227263,1.446206636837544,0.4299284906399214,21.17566596947843,-1.9145183764186195,6.471111093952066,-0.6215443864849672,-2.3236825146364857,0.9052596992455088,20110.02,0,2024-03-18 02:46:00,2,0,18,3,12,120895,2,Standard Customers (High Tier),Potential,9,25.95552165892555,True,True,True,True,True,False,-0.0007379421859484703,True,0.017178127080102357,True,0.05181920866302392,True,0.06123713820014132,True,0.09256520402406887,True,0.09256520402406887,0.11792067553143948,0.8520117426825093,0.5583753158220813,True,True,True,True,True,False,False,False,True,0.6010006818938128,High
219776,-2.8401696185311143,-19.8490150888954,-1.5159932485604348,1.7975346066755071,-0.4874393655472223,1.2686079052768762,4.510607532287613,-0.94180916470636,5.181407851011143,2.315798754533411,0.4787183336252414,2.4611920172653687,3.304130546900424,0.1326331393830989,6.291118681758268,7.041674019673932,0.1218173248288161,-0.9811597385146632,1.3355446157827875,-26.94700813814076,-3.382619991285401,-1.668701273028725,-5.926252874890419,1.307847871815692,1.097890890477096,0.3073644547466565,-4.152011419408283,35.64296655141004,22130.28,0,2024-02-10 22:09:00,22,5,10,2,6,142373,4,New Customers (Low Tier),Needs Attention,8,19.8490150888954,True,True,True,True,True,False,-0.005264158979000344,True,0.012651910287050483,True,0.047292991869972045,True,0.05671092140708944,True,0.088038987231017,True,0.088038987231017,0.08985433078330683,0.8391506302969409,0.5394321104914873,True,True,True,True,True,False,False,False,True,0.602518031979336,High
229859,-2.024000991752692,-11.773082060792795,-0.595160951177781,0.7955141016804033,5.730515205624936,-3.8283837162051424,-0.6025321309313574,-0.91930639959469,3.5933390213733887,3.502384210259526,0.1751219317766772,1.5596332949521068,1.371676601257917,0.0905704526499679,1.4103296528223392,5.490270208303344,0.1486457944390726,-1.0283070426228185,2.1974599665734047,-24.16381704029445,-3.017225003516527,-0.5147571257693625,-10.404473094700672,3.754219964885828,-6.498084929065101,-0.7167066628345915,23.720241858183925,-9.444887595372789,21269.01,0,2024-03-13 17:34:00,17,2,13,3,11,110156,0,Premium Customers (High Tier),Champions,14,11.773082060792795,True,True,True,True,True,True,0.010367086927669411,True,0.028283156193720238,True,0.0629242377766418,True,0.0723421673137592,True,0.10367023313768675,True,0.10367023313768675,0.05273623094501595,0.8835663574977993,0.551234306876686,True,True,True,True,True,False,False,False,True,0.6030919569916046,High
236429,-2.7628975695726834,-30.22487898719505,-0.9289658735608648,2.011548724547993,33.31792711864471,-15.51196137149144,-2.2865297892644483,0.2892420209161758,1.7302609672141696,2.2767996612773174,-0.2859619075190692,4.364590934611784,2.0125005369405047,3.277061699065209,1.5149142685495731,1.2097449757367205,0.8459649404409345,-0.4897809829616196,-0.8103200661852442,5.515722526810577,0.8069576022504319,-1.3407086905523056,-3.383516586447364,-0.0987535951216125,-2.9099831611125504,-1.0993122928941246,0.7613261272042835,-4.497265560584496,15360.54,0,2024-02-26 20:30:00,20,0,26,2,9,147145,1,Standard Customers (Mid Tier),At Risk,6,30.22487898719505,True,True,True,True,True,True,0.026161688074826106,True,0.04407775734087693,True,0.0787188389237985,True,0.08813676846091589,True,0.11946483428484345,True,0.11946483428484345,0.13754322948336073,0.928446253827697,0.6120850440899624,True,True,True,True,True,True,False,False,True,0.6029228757225936,High
256077,-1.137250508392054,1.567619488016561,-0.8281106219395454,-0.310585424114721,-0.3490247660181601,3.276281919964753,-2.102090129718365,-6.291855215137264,-1.1926237845023049,-1.347573979915896,-1.4022047630400387,6.511115928033628,-2.172168725944557,4.194009341883793,-0.5171288314714092,3.9108394786211393,2.4319357881396533,2.036230638203976,-3.258124124043878,8.086699989381525,-9.748262421604734,7.735201687618557,3.546920404411044,-0.7351387606711208,-1.3619617741526566,-0.9115197504954184,-0.5250448286885948,2.196964172738339,23985.08,0,2024-03-19 18:27:00,18,1,19,3,12,120401,5,New Customers (Mid Tier),Potential,9,6.511115928033629,True,True,True,True,True,False,-0.0013709625170330586,True,0.01654510674901777,True,0.05118618833193933,True,0.06060411786905673,True,0.09193218369298428,True,0.09193218369298428,0.028551510296416407,0.8502130339611493,0.5215484244952562,True,True,True,True,True,False,False,False,True,0.6008055091229103,High
270313,-1.1071199468020518,-5.139190477205418,2.0454813313277374,-1.8556743765097845,5.233957918907821,-3.4248016504335257,-0.8828712751002714,0.110916447633382,2.198101340396893,0.2578697723440006,-0.9017037691461744,2.090458951479496,-0.4535038128543535,0.5691360498539291,-1.2986435922685446,-0.378525004600153,0.3729356465206423,2.6772732467538054,-0.5306486773098219,1.3491534032769132,0.0671268916628581,-0.5216915031772587,1.5571845637878676,-0.8069346339195744,0.3934258404991687,-2.852953342953917,-0.3221216966144351,0.6666555813703785,22685.41,0,2024-02-22 08:10:00,8,3,22,2,8,144795,5,New Customers (Mid Tier),Loyal,11,5.139190477205418,True,True,True,True,True,True,0.007201141298022962,True,0.02511721056407379,True,0.05975829214699535,True,0.06917622168411275,True,0.1005042875080403,True,0.1005042875080403,0.0222459520807488,0.8745704157629741,0.533640630290084,True,True,True,True,True,False,False,False,True,0.6004889798839269,High
274771,-2.834567409485116,-19.01867360355123,-3.1837603416948093,2.94514143151216,-9.952785617741023,26.168402294404643,217.873038474627,-4.615072787110634,-1.1548159506563591,-1.7678913580067177,1.5588699146624558,-1.288930861996565,7.187485954748435,-0.8943789247884936,14.532202180325108,46.6529060440468,-0.8408014286573448,-0.6039999749746869,3.7723834437278327,-78.14783856605457,-11.485194596744533,6.375432621757893,-1.506217915817449,12.965638661146754,8.438666927649509,5.495680820469381,113.23109281324442,-39.03524318743944,18796.41,0,2024-03-06 22:36:00,22,2,6,3,10,147373,2,Standard Customers (High Tier),Loyal,11,217.87303847462712,True,True,True,True,True,False,-0.017993283893006917,False,-7.721462695609027e-05,True,0.03456386695596547,True,0.04398179649308287,True,0.07530986231701042,True,0.07530986231701042,1.0,0.8029811948557825,0.8817887169134695,True,True,True,True,True,True,True,True,True,0.8673154821909026,Critical
282467,-1.5929022845288632,1.885742850067302,-1.128207615188468,-1.1875843382737443,-1.18698632451759,-1.129517971471974,-0.6913656185716233,1.81905026977758,2.1969488557915926,3.2338001106887786,-3.436898172311105,3.475001846750896,0.1808843419127677,5.314531445106888,0.3756075902790415,1.3615152972895428,1.480925269674788,0.6127768464230413,-0.9822073945688692,0.9311036596896348,0.0242390787538051,0.4653962138081946,1.0914410491448991,-0.1574837881999691,1.333004911596573,-0.1920145766326157,0.6625786441072944,2.053866885439008,22085.91,0,2024-02-15 06:29:00,6,3,15,2,7,132940,2,Standard Customers (High Tier),Potential,10,5.314531445106889,True,True,True,True,True,True,0.011512083288618191,True,0.029428152554669018,True,0.06406923413759058,True,0.07348716367470798,True,0.10481522949863553,True,0.10481522949863553,0.023051843304668276,0.886819831105567,0.5413126359852075,True,True,True,True,True,False,False,False,True,0.6013601824573249,High
282881,-1.8747988208707536,2.501717325997717,-1.4192821600132994,-1.250740147261031,-1.5994117875280005,-1.4782656215069925,-1.0735287945103993,2.762647778345478,2.339941501351995,3.7664832549421208,-4.577346227140253,5.754014610747725,0.6219617052331967,8.345312257370727,0.1758418169681824,2.143289632210858,2.1648197861016185,0.738349626028472,-1.217541228242318,1.069880166422696,0.0596889025794515,0.2358611329744299,1.598942204601829,-0.2193382573737468,2.269848664343547,-0.0825070822863943,0.4499057065196352,2.0233927142204267,17887.12,0,2024-03-12 10:16:00,10,1,12,3,11,140542,5,New Customers (Mid Tier),Potential,10,8.345312257370729,True,True,True,True,True,True,0.04166440771711488,True,0.05958047698316571,True,0.09422155856608727,True,0.10363948810320467,True,0.13496755392713222,True,0.13496755392713222,0.03698172910066479,0.9724967774145264,0.5982907580889817,True,True,True,True,True,False,False,False,True,0.6102257758137228,High
284819,-2.548267871856242,4.301121822441019,-2.33989429518539,2.3343209551590207,-2.891054639311099,3.433053913305143,-4.269718021694368,-6.375827934928859,-3.740570883722736,-3.153170505164034,0.7296833378307988,-1.3102053893871644,-3.076326356590259,0.9996929118555024,-2.3558248275276643,-1.2274581937867757,-1.47464974512707,-1.6128484801828549,-0.6859971303843091,9.004968346773744,-11.726838513564202,9.744920696392532,6.142345334736683,0.1642736740068215,-2.3832959661345674,-0.1197288329213605,-4.09623059270578,-0.8142432673288931,23244.73,1,2024-01-08 20:23:00,20,0,8,1,2,102050,5,New Customers (Mid Tier),Loyal,12,4.301121822441019,True,True,True,True,True,True,0.005885244039354753,True,0.02380131330540558,True,0.05844239488832714,True,0.06786032442544454,True,0.0991883902493721,True,0.0991883902493721,0.01839407318444799,0.8708313322622516,0.5298564286311301,True,True,True,True,True,False,False,False,True,0.6021592660996664,High
289276,-2.520676228517248,4.180065967871576,-2.3058743038472307,2.306026081897127,-2.814132419343714,3.194681913643329,-4.149540663664761,-6.002591538707993,-3.657321278317181,-3.125258153102588,0.7397137748813729,-1.3467314853708814,-3.029512972527711,0.4779072686968571,-2.840562208688396,-1.291083614834309,-1.4699264734604145,-1.642981020676452,-0.5914146201501048,8.43871994724118,-10.923182098489727,9.15357466009717,5.505089403315532,0.2121109954583006,-2.156954444508029,-0.0544614371594784,-3.992303496726204,-0.6595274827937117,23309.66,1,2024-03-16 23:46:00,23,5,16,3,11,147866,5,New Customers (Mid Tier),Loyal,11,4.180065967871576,True,True,True,True,True,True,0.007241024944179886,True,0.025157094210230713,True,0.059798175793152275,True,0.06921610533026967,True,0.10054417115419723,True,0.10054417115419723,0.017837683813674083,0.8746837439748171,0.5319453199103599,True,True,True,True,True,False,False,False,True,0.6042878026348549,High
309135,-2.5247974324069835,4.196191419864929,-2.308699484498289,2.310313642247889,-2.820057868476028,3.229971624285908,-4.161850894652961,-6.056911651922395,-3.67785020223612,-3.129625047606614,0.735622951670672,-1.343314136939092,-3.0462825569194263,0.544611026043591,-2.79103677121015,-1.291305618588076,-1.4702631255312573,-1.6412873592483417,-0.556605596873371,8.515639566786646,-11.023614179692308,9.286571784045094,5.574563676285703,0.2154260812469887,-2.203534886862689,-0.0350763834783781,-4.001475657217602,-0.6348728449827163,23488.64,1,2024-02-21 03:39:00,3,2,21,2,8,106988,1,Standard Customers (Mid Tier),At Risk,4,4.196191419864929,True,True,True,True,True,True,0.009042405760308125,True,0.026958475026358952,True,0.061599556609280515,True,0.07101748614639791,True,0.10234555197032547,True,0.10234555197032547,0.01791179861068194,0.8798023147779207,0.5350461083110252,True,True,True,True,True,False,False,False,True,0.608171493172594,High
309201,-2.5269573394251763,4.204652192009841,-2.3101811579044003,2.312563445877152,-2.823166159747878,3.248473599877718,-4.168305468269878,-6.08540022654452,-3.688609416465068,-3.131916262367941,0.7334725280092229,-1.341516474082849,-3.0550871254165592,0.5817180205552458,-2.7649581742078664,-1.2914221608124932,-1.470439854377215,-1.6403977643123209,-0.5383856086190922,8.555993885694797,-11.076379589561204,9.356492727225556,5.611075091607816,0.2171672319569544,-2.227957572385717,-0.0249246639540452,-4.006286794026481,-0.6219307645978615,23290.02,1,2024-01-27 20:17:00,20,5,27,1,4,125503,2,Standard Customers (High Tier),Loyal,11,4.204652192009841,True,True,True,True,True,True,0.009493513223375993,True,0.02740958248942682,True,0.06205066407234838,True,0.07146859360946578,True,0.10279665943339333,True,0.10279665943339333,0.017950685484073664,0.8810841234154103,0.5358307482428756,True,True,True,True,True,False,False,False,True,0.6071053650204156,High
316954,-2.53494321789371,4.235991126067563,-2.3156653881741427,2.320897885657128,-2.83467515828538,3.3169233856727347,-4.192187063473238,-6.190850293523375,-3.728390622459009,-3.140402805810921,0.7254830020026323,-1.3348299122888567,-3.0877343551800407,0.7353078412228803,-2.667790647621922,-1.291854196848191,-1.471095017199234,-1.637096937192141,-0.4711711404072438,8.705443252765322,-11.272243728401824,9.616312467673657,5.74666845586338,0.2236271472630983,-2.318318449166452,0.0125603717277944,-4.0240992673736935,-0.5739561570674613,23196.72,1,2024-01-16 09:51:00,9,1,16,1,3,131619,0,Premium Customers (High Tier),Champions,15,4.235991126067563,True,True,True,True,True,True,0.005885244039354753,True,0.02380131330540558,True,0.05844239488832714,True,0.06786032442544454,True,0.0991883902493721,True,0.0991883902493721,0.018094723538764346,0.8708313322622516,0.5297366887728567,True,True,True,True,True,False,False,False,True,0.6016540645556958,High
348682,-2.537292097071564,4.245225824671738,-2.317280254669992,2.323354135937686,-2.838065272195925,3.337069418955468,-4.199216420972009,-6.221902106015749,-3.740091800471088,-3.142903491033242,0.723121384371694,-1.3328511201417883,-3.097365020510085,0.7863660842783248,-2.6389831613649544,-1.2919816135828937,-1.4712882411613777,-1.6361225507431063,-0.4514498146836829,8.74947477456782,-11.330084954366807,9.693122128249392,5.786729885572519,0.2255338967865917,-2.3449154338950824,0.0235705854788551,-4.029345663007358,-0.5598084142299286,23859.19,1,2024-03-05 22:39:00,22,1,5,3,10,143033,0,Premium Customers (High Tier),Champions,15,4.245225824671738,True,True,True,True,True,True,0.005885244039354753,True,0.02380131330540558,True,0.05844239488832714,True,0.06786032442544454,True,0.0991883902493721,True,0.0991883902493721,0.01813716748469276,0.8708313322622516,0.5297536663512281,True,True,True,True,True,False,False,False,True,0.6067490497854313,High
368011,-2.5182068937125788,4.155267229748343,-2.292466058946058,2.2809861100588944,-2.817891356743941,3.187283843516,-4.138452884861377,-5.978803626472857,-3.683770685788599,-3.0949148601456486,0.7146731523370479,-1.3452175725399813,-2.922335201176977,0.8320475631748211,-2.633335306916796,-1.3101078970064968,-1.5279928435774812,-1.6848290875929983,-0.5327440908055452,8.37618762412767,-10.805803179765949,9.384273397351809,5.507916393960247,0.32131065672738,-2.3882422810682504,-0.088616156802489,-3.988190864160946,-0.5872139601803732,23747.0,1,2024-02-01 04:41:00,4,3,1,2,5,125189,2,Standard Customers (High Tier),Loyal,11,4.155267229748343,True,True,True,True,True,True,0.0066703769674930635,True,0.02458644623354389,True,0.05922752781646545,True,0.06864545735358285,True,0.0999735231775104,True,0.0999735231775104,0.017723705399747335,0.8730622644707791,0.5309268408423663,True,True,True,True,True,False,False,False,True,0.6071780885454704,High
379614,-2.543562817563002,4.275642870755625,-2.328432140041142,2.329677851262033,-2.863972131037249,3.391682545795803,-4.235072416267254,-6.308781525700044,-3.7467864496119447,-3.148935063713964,0.7247841900033082,-1.32154742567501,-3.0931834549539934,0.9103570251168508,-2.49555172312597,-1.2631529736954523,-1.47291655714596,-1.625074874001123,-0.5457437954395205,8.889518804073573,-11.541529288251231,9.759164756067102,5.969614801797148,0.1987945408485098,-2.377005404911827,-0.0346696477121914,-4.062570764645108,-0.667017390547874,23699.14,1,2024-03-16 06:12:00,6,5,16,3,11,126267,2,Standard Customers (High Tier),Potential,10,4.275642870755625,True,True,True,True,True,True,0.005885244039354753,True,0.02380131330540558,True,0.05844239488832714,True,0.06786032442544454,True,0.0991883902493721,True,0.0991883902493721,0.01827696841535908,0.8708313322622516,0.5298095867234947,True,True,True,True,True,False,False,False,True,0.6059378069236535,High
458720,-2.552322917516586,4.33198857797758,-2.360223960656188,2.337949815722549,-2.940202179977115,3.469969130938178,-4.325771144218068,-6.439711316367088,-3.6968475473100497,-3.155810353631704,0.7462424191934394,-1.2907986035701942,-3.015191963294112,1.0376985232643734,-2.127878528969408,-1.147832802424101,-1.47787177918291,-1.5889577146349414,-1.048024164553003,9.1392094562024,-11.975384238628928,9.51566482027938,6.410331072378244,0.0859433222857524,-2.328059304340277,-0.3365880601424424,-4.154734333182594,-1.167850068735288,23374.32,1,2024-02-19 09:25:00,9,0,19,2,8,109071,0,Premium Customers (High Tier),Champions,14,4.33198857797758,True,True,True,True,True,True,0.005885244039354753,True,0.02380131330540558,True,0.05844239488832714,True,0.06786032442544454,True,0.0991883902493721,True,0.0991883902493721,0.018535941041660692,0.8708313322622516,0.5299131757740153,True,True,True,True,True,False,False,False,True,0.603296431458237,High
466427,-2.537120385080568,4.266566210749404,-2.347538720584763,2.2748731788773595,-2.9108743127253183,3.2931395430375474,-4.264592044184896,-6.243700346181927,-3.6542565565549103,-3.135025115418862,0.7697881982532014,-1.3054921386007918,-2.909557466517776,0.9602259708813444,-2.056072828701928,-1.1828795308791782,-1.500477566963306,-1.609086155947681,-0.9706899841604129,8.840094820791816,-11.529547062241615,9.273086247850683,6.128836056660933,0.1383533646020343,-2.1686986461921207,-0.4233646719911466,-4.122402839779154,-1.1721944139791751,23149.14,1,2024-01-12 05:06:00,5,4,12,1,2,104903,1,Standard Customers (Mid Tier),At Risk,3,4.266566210749404,True,True,True,True,True,True,0.005885244039354753,True,0.02380131330540558,True,0.05844239488832714,True,0.06786032442544454,True,0.0991883902493721,True,0.0991883902493721,0.018235250836580657,0.8708313322622516,0.5297928996919833,True,True,True,True,True,False,False,False,True,0.6013020344144586,High
470097,-2.5425268795296603,4.291099062214169,-2.350898730976202,2.327756929598785,-2.919613711720255,3.3855217654081584,-4.290007387171811,-6.308383748661088,-3.6572729084657785,-3.145593813213674,0.7529132495058257,-1.3017756553891209,-2.986686269162659,0.8027079284740628,-2.28053053181521,-1.1596958679032,-1.4766218197904226,-1.5965093587000687,-1.0740110166467542,8.946259888375886,-11.708957700557852,9.249739443964426,6.21036556898498,0.0905071989558691,-2.23177693324725,-0.3487220154563208,-4.125484278396237,-1.1696112302302617,23130.38,1,2024-01-08 07:31:00,7,0,8,1,2,138485,2,Standard Customers (High Tier),Needs Attention,8,4.291099062214169,True,True,True,True,True,True,0.005885244039354753,True,0.02380131330540558,True,0.05844239488832714,True,0.06786032442544454,True,0.0991883902493721,True,0.0991883902493721,0.018348007198826156,0.8708313322622516,0.5298380022368815,True,True,True,True,True,False,False,False,True,0.6011827333942257,High
477820,-2.525314761844371,4.21958929030753,-2.334533495830811,2.309939899710942,-2.883522056927337,3.237402466394624,-4.227217649735805,-6.078332371064352,-3.5878343581015093,-3.127728887671569,0.7645048068427286,-1.320703484277027,-2.936978741099565,0.490501790533595,-2.541907332566399,-1.1801916217705473,-1.4744405606447233,-1.6096303251033726,-1.1194583860544598,8.60869657926571,-11.245803834467983,8.78826742886526,5.863284797958628,0.09847553840724,-2.063027534998896,-0.3699348733480141,-4.074213025139219,-1.1726828188858147,23252.43,1,2024-01-05 10:13:00,10,4,5,1,1,105064,1,Standard Customers (Mid Tier),At Risk,6,4.227217649735808,True,True,True,True,True,True,0.007690913205238181,True,0.025606982471289008,True,0.06024806405421057,True,0.06966599359132797,True,0.10099405941525552,True,0.10099405941525552,0.018054399433886585,0.8759620882855229,0.5327990127448684,True,True,True,True,True,False,False,False,True,0.604468627034634,High
489032,-2.518835291975468,4.192779914253367,-2.3283793679032083,2.303263211210562,-2.8699628408254987,3.1817222204974924,-4.203596134202488,-5.991954045547043,-3.5617253748793205,-3.121032101717793,0.7688261762243825,-1.3277131197136924,-2.918390914747812,0.397048238661332,-2.638188555063858,-1.1877947890998222,-1.4736243644904978,-1.6145214906760128,-1.1364957816511507,8.482097198532085,-11.073088585175997,8.616451785923422,5.734036612501066,0.1014585031178571,-1.999635580872385,-0.3778848796946067,-4.054952441828822,-1.1738315912752644,23222.16,1,2024-02-10 21:17:00,21,5,10,2,6,145657,5,New Customers (Mid Tier),Champions,13,4.203596134202491,True,True,True,True,True,True,0.005893185049670957,True,0.023809254315721784,True,0.058450335898643346,True,0.06786826543576074,True,0.0991963312596883,True,0.0991963312596883,0.01794583169702617,0.8708538964103695,0.5296906705250322,True,True,True,True,True,False,False,False,True,0.6018275903144836,High
490339,-2.52695871339287,4.201692420405085,-2.309209697990501,2.2839182377230864,-2.819671253836434,3.220291170323074,-4.159616077522521,-6.088915555849187,-3.707420037585755,-3.12910738520278,0.739194096154135,-1.341950531175952,-3.026761852419448,0.7238962725640564,-2.605268459749988,-1.309541529525848,-1.485068717931634,-1.647978325384639,-0.4263560305009353,8.549305950301555,-11.039349686616855,9.50152112553583,5.60537620967187,0.2548926765827084,-2.2337105869405653,-0.0373994413565514,-4.008501833274687,-0.5791914107906482,23812.85,1,2024-02-09 09:29:00,9,4,9,2,6,122598,5,New Customers (Mid Tier),Potential,10,4.201692420405085,True,True,True,True,True,True,0.008470211321487953,True,0.02638628058753878,True,0.06102736217046034,True,0.07044529170757774,True,0.10177335753150529,True,0.10177335753150529,0.017937081966369693,0.8781764410470467,0.5340806974147758,True,True,True,True,True,False,False,False,True,0.6100597707502072,High
525978,-2.521846225196682,4.184641519248895,-2.306676107116288,2.307242616963222,-2.815813926274924,3.204698849420765,-4.153034779670279,-6.01800787602714,-3.663149358981216,-3.1264972534473245,0.7385540381457641,-1.3457629968146685,-3.034269812074002,0.4963393010695758,-2.826533054251937,-1.291146592423803,-1.470021973932731,-1.642500692200024,-0.5815266933243743,8.460546754983126,-10.951661538794356,9.191276710821484,5.524787425565901,0.2130511900336829,-2.170175959062654,-0.0489560972625272,-3.994906414787074,-0.6525333725168005,23085.95,1,2024-02-02 00:49:00,0,4,2,2,5,111669,4,New Customers (Low Tier),Needs Attention,7,4.184641519248895,True,True,True,True,True,True,0.009042405760308125,True,0.026958475026358952,True,0.061599556609280515,True,0.07101748614639791,True,0.10234555197032547,True,0.10234555197032547,0.017858713677622626,0.8798023147779207,0.5350248743378014,True,True,True,True,True,False,False,False,True,0.6047696852296879,High
